{
  "Create Student" : {
    "transaction" : "Create Student",
    "sampleCount" : 85,
    "errorCount" : 1,
    "errorPct" : 1.1764706,
    "meanResTime" : 2897.0352941176475,
    "medianResTime" : 1018.0,
    "minResTime" : 510.0,
    "maxResTime" : 21054.0,
    "pct1ResTime" : 15435.0,
    "pct2ResTime" : 15932.4,
    "pct3ResTime" : 21054.0,
    "throughput" : 3.0413625304136254,
    "receivedKBytesPerSec" : 1.5771127965328466,
    "sentKBytesPerSec" : 1.0361038804207814
  },
  "Update Student" : {
    "transaction" : "Update Student",
    "sampleCount" : 85,
    "errorCount" : 1,
    "errorPct" : 1.1764706,
    "meanResTime" : 223.8235294117647,
    "medianResTime" : 224.0,
    "minResTime" : 77.0,
    "maxResTime" : 506.0,
    "pct1ResTime" : 371.6000000000002,
    "pct2ResTime" : 426.0,
    "pct3ResTime" : 506.0,
    "throughput" : 3.2757823338985665,
    "receivedKBytesPerSec" : 1.070688552585941,
    "sentKBytesPerSec" : 1.1000065033913982
  },
  "Get Specific Student" : {
    "transaction" : "Get Specific Student",
    "sampleCount" : 85,
    "errorCount" : 0,
    "errorPct" : 0.0,
    "meanResTime" : 198.31764705882355,
    "medianResTime" : 191.0,
    "minResTime" : 62.0,
    "maxResTime" : 846.0,
    "pct1ResTime" : 317.4,
    "pct2ResTime" : 346.90000000000003,
    "pct3ResTime" : 846.0,
    "throughput" : 3.2925317632475983,
    "receivedKBytesPerSec" : 1.7654991090796406,
    "sentKBytesPerSec" : 0.4917235798535792
  },
  "Total" : {
    "transaction" : "Total",
    "sampleCount" : 340,
    "errorCount" : 2,
    "errorPct" : 0.5882353,
    "meanResTime" : 975.2705882352942,
    "medianResTime" : 333.5,
    "minResTime" : 62.0,
    "maxResTime" : 21054.0,
    "pct1ResTime" : 1224.0,
    "pct2ResTime" : 3227.849999999983,
    "pct3ResTime" : 17414.149999999936,
    "throughput" : 11.906846436701104,
    "receivedKBytesPerSec" : 37.24241047977587,
    "sentKBytesPerSec" : 2.885536136403432
  },
  "Get Student" : {
    "transaction" : "Get Student",
    "sampleCount" : 85,
    "errorCount" : 0,
    "errorPct" : 0.0,
    "meanResTime" : 581.9058823529411,
    "medianResTime" : 448.0,
    "minResTime" : 124.0,
    "maxResTime" : 1838.0,
    "pct1ResTime" : 1227.8,
    "pct2ResTime" : 1397.8000000000004,
    "pct3ResTime" : 1838.0,
    "throughput" : 3.2189653866545482,
    "receivedKBytesPerSec" : 35.825930896387185,
    "sentKBytesPerSec" : 0.46209757015451036
  }
}