{
  "Create Student" : {
    "transaction" : "Create Student",
    "sampleCount" : 30,
    "errorCount" : 0,
    "errorPct" : 0.0,
    "meanResTime" : 408.16666666666663,
    "medianResTime" : 304.5,
    "minResTime" : 279.0,
    "maxResTime" : 1406.0,
    "pct1ResTime" : 824.4000000000008,
    "pct2ResTime" : 1294.8999999999999,
    "pct3ResTime" : 1406.0,
    "throughput" : 3.0587275693311584,
    "receivedKBytesPerSec" : 1.5024804368882545,
    "sentKBytesPerSec" : 1.0544246405995106
  },
  "Update Student" : {
    "transaction" : "Update Student",
    "sampleCount" : 30,
    "errorCount" : 0,
    "errorPct" : 0.0,
    "meanResTime" : 80.43333333333337,
    "medianResTime" : 75.5,
    "minResTime" : 67.0,
    "maxResTime" : 141.0,
    "pct1ResTime" : 110.80000000000004,
    "pct2ResTime" : 125.59999999999998,
    "pct3ResTime" : 141.0,
    "throughput" : 3.565486094604231,
    "receivedKBytesPerSec" : 1.1629612847634894,
    "sentKBytesPerSec" : 1.1977804849061089
  },
  "Get Specific Student" : {
    "transaction" : "Get Specific Student",
    "sampleCount" : 30,
    "errorCount" : 0,
    "errorPct" : 0.0,
    "meanResTime" : 67.6,
    "medianResTime" : 67.0,
    "minResTime" : 61.0,
    "maxResTime" : 96.0,
    "pct1ResTime" : 70.9,
    "pct2ResTime" : 82.24999999999999,
    "pct3ResTime" : 96.0,
    "throughput" : 3.59496704613541,
    "receivedKBytesPerSec" : 1.4815196225284601,
    "sentKBytesPerSec" : 0.5371386309167165
  },
  "Total" : {
    "transaction" : "Total",
    "sampleCount" : 120,
    "errorCount" : 0,
    "errorPct" : 0.0,
    "meanResTime" : 180.43333333333337,
    "medianResTime" : 121.0,
    "minResTime" : 61.0,
    "maxResTime" : 1406.0,
    "pct1ResTime" : 324.1,
    "pct2ResTime" : 481.6999999999995,
    "pct3ResTime" : 1363.5799999999983,
    "throughput" : 11.884718233138557,
    "receivedKBytesPerSec" : 36.443470987669606,
    "sentKBytesPerSec" : 2.892837909775181
  },
  "Get Student" : {
    "transaction" : "Get Student",
    "sampleCount" : 30,
    "errorCount" : 0,
    "errorPct" : 0.0,
    "meanResTime" : 165.53333333333333,
    "medianResTime" : 133.5,
    "minResTime" : 121.0,
    "maxResTime" : 646.0,
    "pct1ResTime" : 240.10000000000005,
    "pct2ResTime" : 455.14999999999975,
    "pct3ResTime" : 646.0,
    "throughput" : 3.5423308537017357,
    "receivedKBytesPerSec" : 39.09374907751801,
    "sentKBytesPerSec" : 0.5085181987247609
  }
}