{
  "Create Student" : {
    "transaction" : "Create Student",
    "sampleCount" : 90,
    "errorCount" : 3,
    "errorPct" : 3.3333333,
    "meanResTime" : 3666.0999999999995,
    "medianResTime" : 1275.0,
    "minResTime" : 298.0,
    "maxResTime" : 21054.0,
    "pct1ResTime" : 15322.8,
    "pct2ResTime" : 15426.8,
    "pct3ResTime" : 21054.0,
    "throughput" : 3.208213025344883,
    "receivedKBytesPerSec" : 1.8244622901293979,
    "sentKBytesPerSec" : 1.0690910397283713
  },
  "Update Student" : {
    "transaction" : "Update Student",
    "sampleCount" : 90,
    "errorCount" : 3,
    "errorPct" : 3.3333333,
    "meanResTime" : 234.84444444444458,
    "medianResTime" : 257.5,
    "minResTime" : 64.0,
    "maxResTime" : 509.0,
    "pct1ResTime" : 346.0,
    "pct2ResTime" : 383.35,
    "pct3ResTime" : 509.0,
    "throughput" : 3.493924453589037,
    "receivedKBytesPerSec" : 1.146330226813929,
    "sentKBytesPerSec" : 1.1723754318878838
  },
  "Get Specific Student" : {
    "transaction" : "Get Specific Student",
    "sampleCount" : 90,
    "errorCount" : 0,
    "errorPct" : 0.0,
    "meanResTime" : 218.5333333333333,
    "medianResTime" : 224.0,
    "minResTime" : 60.0,
    "maxResTime" : 457.0,
    "pct1ResTime" : 341.70000000000005,
    "pct2ResTime" : 376.85,
    "pct3ResTime" : 457.0,
    "throughput" : 3.537318712415989,
    "receivedKBytesPerSec" : 2.6975509594977005,
    "sentKBytesPerSec" : 0.5278342766183233
  },
  "Total" : {
    "transaction" : "Total",
    "sampleCount" : 360,
    "errorCount" : 6,
    "errorPct" : 1.6666666,
    "meanResTime" : 1218.005555555556,
    "medianResTime" : 339.5,
    "minResTime" : 60.0,
    "maxResTime" : 21054.0,
    "pct1ResTime" : 1756.8000000000031,
    "pct2ResTime" : 3749.4499999999985,
    "pct3ResTime" : 17616.119999999923,
    "throughput" : 12.57685858021241,
    "receivedKBytesPerSec" : 40.377024634048354,
    "sentKBytesPerSec" : 3.023338424486445
  },
  "Get Student" : {
    "transaction" : "Get Student",
    "sampleCount" : 90,
    "errorCount" : 0,
    "errorPct" : 0.0,
    "meanResTime" : 752.5444444444445,
    "medianResTime" : 568.5,
    "minResTime" : 119.0,
    "maxResTime" : 3428.0,
    "pct1ResTime" : 1798.300000000002,
    "pct2ResTime" : 2459.7500000000005,
    "pct3ResTime" : 3428.0,
    "throughput" : 3.416078342063311,
    "receivedKBytesPerSec" : 38.19965851077963,
    "sentKBytesPerSec" : 0.49039405887041676
  }
}