{
  "Create Student" : {
    "transaction" : "Create Student",
    "sampleCount" : 50,
    "errorCount" : 0,
    "errorPct" : 0.0,
    "meanResTime" : 998.9000000000001,
    "medianResTime" : 305.0,
    "minResTime" : 272.0,
    "maxResTime" : 15304.0,
    "pct1ResTime" : 3305.8,
    "pct2ResTime" : 3318.45,
    "pct3ResTime" : 15304.0,
    "throughput" : 2.9151119402985075,
    "receivedKBytesPerSec" : 1.4319348691114737,
    "sentKBytesPerSec" : 1.0049165184818096
  },
  "Update Student" : {
    "transaction" : "Update Student",
    "sampleCount" : 50,
    "errorCount" : 0,
    "errorPct" : 0.0,
    "meanResTime" : 89.84,
    "medianResTime" : 73.0,
    "minResTime" : 65.0,
    "maxResTime" : 263.0,
    "pct1ResTime" : 153.09999999999997,
    "pct2ResTime" : 216.4999999999999,
    "pct3ResTime" : 263.0,
    "throughput" : 3.181471112242301,
    "receivedKBytesPerSec" : 1.0377063979384067,
    "sentKBytesPerSec" : 1.0687754517688979
  },
  "Get Specific Student" : {
    "transaction" : "Get Specific Student",
    "sampleCount" : 50,
    "errorCount" : 0,
    "errorPct" : 0.0,
    "meanResTime" : 73.46000000000001,
    "medianResTime" : 67.0,
    "minResTime" : 60.0,
    "maxResTime" : 286.0,
    "pct1ResTime" : 81.9,
    "pct2ResTime" : 103.4499999999999,
    "pct3ResTime" : 286.0,
    "throughput" : 3.177225646565419,
    "receivedKBytesPerSec" : 1.3093644754400457,
    "sentKBytesPerSec" : 0.4747221913325284
  },
  "Total" : {
    "transaction" : "Total",
    "sampleCount" : 200,
    "errorCount" : 0,
    "errorPct" : 0.0,
    "meanResTime" : 332.6599999999999,
    "medianResTime" : 122.0,
    "minResTime" : 60.0,
    "maxResTime" : 15304.0,
    "pct1ResTime" : 403.20000000000016,
    "pct2ResTime" : 859.7999999999977,
    "pct3ResTime" : 3318.99,
    "throughput" : 11.328235627301048,
    "receivedKBytesPerSec" : 34.66417976493911,
    "sentKBytesPerSec" : 2.7573854786179552
  },
  "Get Student" : {
    "transaction" : "Get Student",
    "sampleCount" : 50,
    "errorCount" : 0,
    "errorPct" : 0.0,
    "meanResTime" : 168.43999999999997,
    "medianResTime" : 132.0,
    "minResTime" : 120.0,
    "maxResTime" : 440.0,
    "pct1ResTime" : 351.29999999999995,
    "pct2ResTime" : 419.9499999999999,
    "pct3ResTime" : 440.0,
    "throughput" : 3.148416346577671,
    "receivedKBytesPerSec" : 34.665416810969084,
    "sentKBytesPerSec" : 0.4519699247528493
  }
}