{
  "Create Student" : {
    "transaction" : "Create Student",
    "sampleCount" : 80,
    "errorCount" : 0,
    "errorPct" : 0.0,
    "meanResTime" : 1769.5125000000003,
    "medianResTime" : 812.5,
    "minResTime" : 274.0,
    "maxResTime" : 15561.0,
    "pct1ResTime" : 3503.8000000000006,
    "pct2ResTime" : 14734.400000000032,
    "pct3ResTime" : 15561.0,
    "throughput" : 3.886324993927617,
    "receivedKBytesPerSec" : 1.9090053436968666,
    "sentKBytesPerSec" : 1.3397194559145007
  },
  "Update Student" : {
    "transaction" : "Update Student",
    "sampleCount" : 80,
    "errorCount" : 0,
    "errorPct" : 0.0,
    "meanResTime" : 177.95000000000002,
    "medianResTime" : 168.0,
    "minResTime" : 65.0,
    "maxResTime" : 430.0,
    "pct1ResTime" : 296.40000000000003,
    "pct2ResTime" : 346.75,
    "pct3ResTime" : 430.0,
    "throughput" : 4.352557127312296,
    "receivedKBytesPerSec" : 1.4196817192600653,
    "sentKBytesPerSec" : 1.4621871599564744
  },
  "Get Specific Student" : {
    "transaction" : "Get Specific Student",
    "sampleCount" : 80,
    "errorCount" : 0,
    "errorPct" : 0.0,
    "meanResTime" : 162.22500000000005,
    "medianResTime" : 168.5,
    "minResTime" : 61.0,
    "maxResTime" : 300.0,
    "pct1ResTime" : 250.80000000000007,
    "pct2ResTime" : 281.8,
    "pct3ResTime" : 300.0,
    "throughput" : 4.441236884472326,
    "receivedKBytesPerSec" : 1.830275356686837,
    "sentKBytesPerSec" : 0.6635832454338533
  },
  "Total" : {
    "transaction" : "Total",
    "sampleCount" : 320,
    "errorCount" : 0,
    "errorPct" : 0.0,
    "meanResTime" : 651.7312499999997,
    "medianResTime" : 277.5,
    "minResTime" : 61.0,
    "maxResTime" : 15561.0,
    "pct1ResTime" : 1010.4000000000016,
    "pct2ResTime" : 1520.599999999999,
    "pct3ResTime" : 15323.43,
    "throughput" : 15.322001436437635,
    "receivedKBytesPerSec" : 47.301442422791474,
    "sentKBytesPerSec" : 3.7295008379219534
  },
  "Get Student" : {
    "transaction" : "Get Student",
    "sampleCount" : 80,
    "errorCount" : 0,
    "errorPct" : 0.0,
    "meanResTime" : 497.2375,
    "medianResTime" : 383.0,
    "minResTime" : 120.0,
    "maxResTime" : 1622.0,
    "pct1ResTime" : 1183.0000000000002,
    "pct2ResTime" : 1375.5,
    "pct3ResTime" : 1622.0,
    "throughput" : 4.232580286757314,
    "receivedKBytesPerSec" : 47.06265541505741,
    "sentKBytesPerSec" : 0.6076067403841067
  }
}